<?xml version="1.0" encoding="UTF-8"?>
<rss version="2.0">
	<channel>
		<title>Naver Open API - book ::'XML'</title>
		<link>http://search.naver.com</link>
		<description>Naver Search Result</description>
		<lastBuildDate>Wed, 12 Jan 2011 16:19:39 +0900</lastBuildDate>
		<total>4549</total>
		<start>1</start>
		<display>5</display>

		<item>
			<title>자바 개발자를 위한 &lt;strong&gt;XML&lt;/strong&gt;</title>
			<link>http://openapi.naver.com/l?AAAC2MsQrDIBRFv0ZHqdpnzeBQKJnSvVvR+MSQploxBf++FgJ3OBw497NjaeZxn2htGY1LaaUrNuMCWC3nC2iuuApn8MoNg+ASrNSBaxoLBhNrzUReiRj7/i172y8WNqftEN4d8PRY7fJiOfZidIsn8ibg1B/FD+6bh3mEAAAA
			</link>
			<image>http://bookthumb.phinf.naver.net/cover/025/021/02502132.jpg?type=m1
			</image>
			<author>신민철</author>
			<price>25000</price>
			<discount>18250</discount>
			<publisher>프리렉</publisher>
			<pubdate>20060727</pubdate>
			<isbn>8989345820 9788989345824</isbn>
			<description>&lt;strong&gt;XML&lt;/strong&gt; 입문서 개정판. 이 책은
				&lt;strong&gt;XML&lt;/strong&gt; 소개와 학습방법, 문서 작성법, DTD 를 이용한 마크업
				언어개발 등의 문법을 예제를 통해 쉽게 설명했다.</description>
		</item>




		<item>
			<title>IT CookBook &lt;strong&gt;XML&lt;/strong&gt; 원리와 응용</title>
			<link>http://openapi.naver.com/l?AAAC2LvQrDIBgAn0ZHqX71J4NDoWRK925F4yeGtNWILfj2TSFww3Fw2wdrt/fbRFsvaH3OK12xWx+lMzBrabjiKp5lUH4YBAfpwERuaKoYbWqtELgQMe78X/Z2X6xszq8jBH/II2Bzy5OVtB+jXwKBKwetxekHOEWldIMAAAA=
			</link>
			<image>http://bookthumb.phinf.naver.net/cover/001/377/00137720.jpg?type=m1
			</image>
			<author>홍성용</author>
			<price>22800</price>
			<discount>21660</discount>
			<publisher>한빛미디어</publisher>
			<pubdate>20031128</pubdate>
			<isbn>8979142609 9788979142600</isbn>
			<description>이 책은 &lt;strong&gt;XML&lt;/strong&gt; 원리를 이해하는데 초점을 두고
				&lt;strong&gt;XML&lt;/strong&gt; 기본 기술부터 응용 기술까지 차근차근 짚어나간다. 일상에서 접할
				수 있는 사례 중심으로... </description>
		</item>
		<item>
			<title>&lt;strong&gt;XML&lt;/strong&gt; 실전 마스터</title>
			<link>http://openapi.naver.com/l?AAACssTS2qtI3w9VErqSxItU3Kz89Wy06ttE1KM020ME42N7UwNDM0SzMxTTFLsrQ0MjQ2TTS2SDO0UMsoSk2zzSgpKVA1dlQ1cgMikF69vMSy1CK95PxcqEBKEpQRn5JakpiZo1eQAdThlpSZomrsYmZgbgq0AQDN+PBAhAAAAA==
			</link>
			<image>http://bookthumb.phinf.naver.net/cover/060/757/06075758.jpg?type=m1
			</image>
			<author>심재호</author>
			<price>25000</price>
			<discount>17500</discount>
			<publisher>세진북스</publisher>
			<pubdate>20090910</pubdate>
			<isbn>9788993848199</isbn>
			<description>HAPPY BOOK 시리즈 10 『&lt;strong&gt;XML&lt;/strong&gt; 실전
				마스터』는 심재호가 저술한 것이다. &lt;strong&gt;XML&lt;/strong&gt;을 시작하려는 사람들이 쉽게
				배울 수 있는 길을 열어준다.... </description>
		</item>
		<item>
			<title>&lt;strong&gt;XML&lt;/strong&gt;</title>
			<link>http://openapi.naver.com/l?AAAC2LwQoCIRQAv0aPsvp65h48BLGnuncLXZ+4bKWJBf59GyzMYRiY94dqt7frhbdeyPqcV75Stz6iMzAf0UgtdTxg0H4clQR0YKI0PFWKNrVWGJyYmjb+r3i5L1Ux5+cegt/lHqi55SFK2o7JL4HBWSEMclA/dnoDv4QAAAA=
			</link>
			<image>http://bookthumb.phinf.naver.net/cover/025/301/02530102.jpg?type=m1
			</image>
			<author>신민철</author>
			<price>25000</price>
			<discount>18250</discount>
			<publisher>프리렉</publisher>
			<pubdate>20061025</pubdate>
			<isbn>8989345855 9788989345855</isbn>
			<description>&lt;strong&gt;XML&lt;/strong&gt; 입문서 개정판. 이 책은
				&lt;strong&gt;XML&lt;/strong&gt; 스키마 언어의 완벽한 해설과 DOM.NET 응용 프로그램 개발을
				함께 담았다. &lt;strong&gt;XML&lt;/strong&gt;의 기본적인 소개부터 사용...
			</description>
		</item>
		<item>
			<title>&lt;strong&gt;XML&lt;/strong&gt; 이렇게 시작하세요</title>
			<link>http://openapi.naver.com/l?AAAC2LsQrDIBQAv0ZHQV+eMYNDoWRq925F4xND2mrFFvz7phC44Ti494dqt7frhbdeyPqcN75Rtz6iM7CMaKSWOg4YtJ8mJQEdmCgNT5WiTa0VBiem5p3/K17uS1Us+XmE4A+5B2pufYiS9mP2a2Bw1oBqVMMPVjuEZ4QAAAA=
			</link>
			<image>http://bookthumb.phinf.naver.net/cover/063/527/06352724.jpg?type=m1
			</image>
			<author>김형준</author>
			<price>18000</price>
			<discount>16200</discount>
			<publisher>구민사</publisher>
			<pubdate>20100905</pubdate>
			<isbn>9788970743912</isbn>
			<description>『&lt;strong&gt;XML&lt;/strong&gt; 이렇게 시작하세요』는
				&lt;strong&gt;XML&lt;/strong&gt;을 처음시작 하시는 사람들을 위해 빠른 시간 내에 가장 효율적으로
				재미있고 쉽게 &lt;strong&gt;XML&lt;/strong&gt;을 배울 수 있도록... </description>
		</item>
	</channel>
</rss>
